{
    "custom/quicklink1": {
        "format": "",
        "on-click": "chromium",
        "tooltip-format": "Open Chromium"
    }, 
    "custom/quicklink2": {
        "format": "",
        "on-click": "firefox",
        "tooltip-format": "Open Firefox"
    },
    "custom/quicklink3": {
        "format": "",
        "on-click": "~/dotfiles/.settings/filemanager.sh",
        "tooltip-format": "Open filemanager"
    }, 
    "custom/quicklink4": {
        "format": "",
        "on-click": "betterbird",
        "tooltip-format": "Open Betterbird"
    }, 
    "custom/quicklinkempty": {
    }, 
    "group/quicklinks": {
        "orientation": "horizontal",
        "modules": [
            "custom/quicklink2",
            "custom/quicklink3",
            /*
            "custom/quicklink4",
            */
            "custom/quicklinkempty"
        ]
    }
}
